{"count":1,"self":151.3206016,"total":161.13127849999998,"children":{"InitializeActuators":{"count":24,"self":0.0029971999999999998,"total":0.0029971999999999998,"children":null},"InitializeSensors":{"count":24,"self":0.0029955999999999997,"total":0.0029955999999999997,"children":null},"AgentSendState":{"count":7820,"self":0.9595922,"total":1.6894725,"children":{"CollectObservations":{"count":37536,"self":0.23691859999999998,"total":0.23691859999999998,"children":null},"CollectDiscreteActionMasks":{"count":37536,"self":0.1793136,"total":0.1793136,"children":null},"RequestDecision":{"count":37536,"self":0.3136481,"total":0.3136481,"children":null}}},"DecideAction":{"count":7820,"self":5.7227147999999994,"total":7.2978378,"children":{"RayPerceptionSensor.Perceive":{"count":75072,"self":1.5751230999999999,"total":1.5751230999999999,"children":null}}},"AgentAct":{"count":7820,"self":0.81737399999999993,"total":0.81737399999999993,"children":null}},"gauges":{"KartAgent.CumulativeReward":{"count":169,"max":0.800167,"min":-1.45099783,"runningAverage":0.7516392,"value":0.7951669,"weightedAverage":0.7904764}},"metadata":{"timer_format_version":"0.1.0","start_time_seconds":"1605255685","unity_version":"2019.4.14f1","command_line_arguments":"C:\\Program Files\\Unity\\Hub\\Editor\\2019.4.14f1\\Editor\\Unity.exe -projectpath C:\/Users\/Seppi\/Desktop\/AI Racing Karts -useHub -hubIPC -cloudEnvironment production -hubSessionId 425f6980-2468-11eb-88db-236f9aae8905","communication_protocol_version":"1.2.0","com.unity.ml-agents_version":"1.5.0-preview","scene_name":"SampleScene","end_time_seconds":"1605255846"}}